ID,Work Item Type,Title 1,Title 2,Title 3,Title 4,Assigned To,State,Tags
"4257","Epic","Production-Grade Dashboard - Customer Portal",,,,,"New",
"4258","Feature",,"UI/UX Enhancements",,,,"New",
"4259","User Story",,,"Add responsive design for mobile-friendly layouts",,,"New",
"4260","Task",,,,"Implement skeleton loaders and progress indicators",,"New",
"4261","Task",,,,"Add ARIA labels and keyboard navigation for accessibility",,"New",
"4262","Task",,,,"Re-run dashboard build and confirm StatusBadge enum completeness",,"New",
"4263","Task",,,,"Add dashboard differentiation styling for UNHEALTHY vs FAILED",,"New",
"4264","User Story",,,"Implement error handling with user-friendly error messages and recovery",,,"New",
"4265","Feature",,"Dashboard Feature Expansion",,,,"New",
"4266","User Story",,,"Fleet Monitor - Real-time vehicle tracking dashboard",,,"New",
"4267","User Story",,,"Route Management - Route configuration and depot management",,,"New",
"4268","User Story",,,"Analytics Dashboard - Performance metrics and reporting",,,"New",
"4269","User Story",,,"System Health - Platform monitoring and diagnostics",,,"New",
"4270","Feature",,"Advanced Dashboard Components",,,,"New",
"4271","User Story",,,"Data Tables - Sortable and filterable tables for large datasets",,,"New",
"4272","User Story",,,"Charts & Graphs - Performance visualization components",,,"New",
"4273","User Story",,,"Maps Integration - Geospatial visualization for routes",,,"New",
"4274","User Story",,,"Modal System - Reusable modal dialogs and forms",,,"New",
"4275","Feature",,"Backend Integration",,,,"New",
"4276","User Story",,,"GraphQL Provider - Strapi integration for data management",,,"New",
"4277","User Story",,,"Authentication - User management and security",,,"New",
"4278","User Story",,,"API Caching - Performance optimization for data fetching",,,"New",
"4279","Feature",,"Real-time Vehicle Tracking",,,,"New",
"4280","User Story",,,"Map layer + UI components for realtime vehicles",,,"New",
"4281","User Story",,,"Dashboard client provider/hook (WebSocket with reconnection and SSE fallback)",,,"New",
"4282","Feature",,"Customer Portal - Transit Interface",,,,"New",
"4283","User Story",,,"Route Browser page (lists all routes with active vehicle count)",,,"New",
"4284","User Story",,,"Route View (selectable route with map centered on user + live vehicle markers)",,,"New",
"4285","User Story",,,"Trip Planner (given origin & destination returns sensible route)",,,"New",
"4286","User Story",,,"Intercept Navigation (walking route to nearest stop with live ETA)",,,"New",
"4368","Feature",,"Authenticated UI State",,,,"New",
"4363","User Story",,,"Show/hide features based on authentication status",,,"New",
"4364","Task",,,,"Implement protected routes in Next.js",,"New",
"4365","Task",,,,"Display user info and error messages",,"New",
"4366","Task",,,,"Handle token expiration and re-authentication",,"New",
"4369","User Story",,,"Show/hide features based on authentication status",,,"New",
"4370","Task",,,,"Implement protected routes in Next.js",,"New",
"4371","Task",,,,"Display user info and error messages",,"New",
"4372","Task",,,,"Handle token expiration and re-authentication",,"New",