Work Item Type,Title 1,Title 2,Title 3,Title 4,Assigned To,State,Tags
"Task",,,"Implement WebSocket connection logic with auto-reconnect",,,"New"
"Task",,,"Implement SSE (Server-Sent Events) fallback logic",,,"New"
"Task",,,"Create a React context/provider for telemetry data",,,"New"
"Task",,,"Develop a custom hook (useTelemetry) to consume provider data",,,"New"
"Task",,,"Add connection status indicator (connected/disconnected/reconnecting)",,,"New"
"Task",,,"Handle authentication/token refresh for socket/SSE",,,"New"
"Task",,,"Implement error handling and retry logic",,,"New"
"Task",,,"Write unit tests for provider and hook",,,"New"
"Task",,,"Document usage and integration steps",,,"New"
